track,seq,size,send_time_ns,received_time_ns,delay_ms
background,0,1945,2830669380698111,2830669389330252,8.632141
audio,0,1945,2830669380555326,2830669389647057,9.091731
audio,1,1945,2830669401059451,2830669409745995,8.686544
background,1,1945,2830669401174239,2830669412526311,11.352072
audio,2,1945,2830669421541444,2830669432541606,11.000162
background,2,1945,2830669421858753,2830669434940468,13.081715
audio,3,1945,2830669442255245,2830669454638501,12.383256
background,3,1945,2830669442600250,2830669457101172,14.500922
audio,4,1945,2830669463095820,2830669477319868,14.224048
background,4,1945,2830669463431960,2830669479543906,16.111946
audio,5,1945,2830669483765376,2830669499966974,16.201598
background,5,1945,2830669484121809,2830669502478636,18.356827
audio,6,1945,2830669504401476,2830669522695535,18.294059
background,6,1945,2830669504736385,2830669525512257,20.775872
audio,7,1945,2830669525096593,2830669545562757,20.466164
background,7,1945,2830669525434706,2830669547810709,22.376003
audio,8,1945,2830669545791051,2830669567559132,21.768081
background,8,1945,2830669545898345,2830669570595453,24.697108
background,9,1945,2830669566608112,2830669591356604,24.748492
audio,9,1945,2830669566285412,2830669593721354,27.435942
audio,10,1945,2830669586987727,2830669613620717,26.63299
background,10,1945,2830669587209158,2830669615938764,28.729606
background,11,1945,2830669607876566,2830669637566875,29.690309
audio,11,1945,2830669607538493,2830669639578256,32.039763
audio,12,1945,2830669628432131,2830669659597785,31.165654
background,12,1945,2830669628562839,2830669662270697,33.707858
audio,13,1945,2830669648890063,2830669682561220,33.671157
background,13,1945,2830669649217494,2830669684443886,35.226392
audio,14,1945,2830669669641602,2830669696644697,27.003095
background,14,1945,2830669669943887,2830669708516808,38.572921
audio,15,1945,2830669690491276,2830669728562904,38.071628
background,15,1945,2830669690816288,2830669731350282,40.533994
audio,16,1945,2830669711328316,2830669751447027,40.118711
background,16,1945,2830669711505401,2830669753862044,42.356643
audio,17,1945,2830669731666386,2830669773795912,42.129526
background,17,1945,2830669731768103,2830669776481968,44.713865
audio,18,1945,2830669751942158,2830669796625659,44.683501
background,18,1945,2830669752137275,2830669798912496,46.775221
audio,19,1945,2830669772633194,2830669819430819,46.797625
background,19,1945,2830669772966530,2830669822173008,49.206478
audio,20,1945,2830669793495859,2830669842111122,48.615263
background,20,1945,2830669793722137,2830669844700298,50.978161
audio,21,1945,2830669814071592,2830669864903023,50.831431
background,21,1945,2830669814401889,2830669866858194,52.456305
audio,22,1945,2830669834937796,2830669887688711,52.750915
background,22,1945,2830669835288940,2830669889751469,54.462529
audio,23,1945,2830669855827921,2830669909757404,53.929483
background,23,1945,2830669856142526,2830669912308524,56.165998
audio,24,1945,2830669876478753,2830669932595477,56.116724
background,24,1945,2830669876613551,2830669935352296,58.738745
audio,25,1945,2830669896949582,2830669955510692,58.56111
background,25,1945,2830669897289529,2830669957823361,60.533832
audio,26,1945,2830669917663502,2830669969841385,52.177883
background,26,1945,2830669917982092,2830669980618241,62.636149
audio,27,1945,2830669938450197,2830670000544611,62.094414
background,27,1945,2830669938747407,2830670003095816,64.348409
audio,28,1945,2830669959151155,2830670022585107,63.433952
background,28,1945,2830669959464976,2830670025511981,66.047005
audio,29,1945,2830669979916699,2830670045881054,65.964355
background,29,1945,2830669980245064,2830670048222239,67.977175
audio,30,1945,2830670000759432,2830670068030994,67.271562
background,30,1945,2830670000876525,2830670070669644,69.793119
audio,31,1945,2830670021209155,2830670090773395,69.56424
background,31,1945,2830670021551304,2830670093331232,71.779928
audio,32,1945,2830670042049687,2830670113194539,71.144852
background,32,1945,2830670042369263,2830670115622633,73.25337
audio,33,1945,2830670062926332,2830670135578571,72.652239
background,33,1945,2830670063208081,2830670138279591,75.07151
audio,34,1945,2830670083535416,2830670158378571,74.843155
background,34,1945,2830670083830177,2830670160858627,77.02845
audio,35,1945,2830670104350600,2830670181055670,76.70507
background,35,1945,2830670104664892,2830670183391745,78.726853
audio,36,1945,2830670124984314,2830670195320542,70.336228
background,36,1945,2830670125311746,2830670207083498,81.771752
audio,37,1945,2830670145796814,2830670227589882,81.793068
background,37,1945,2830670146130019,2830670229824662,83.694643
audio,38,1945,2830670166609568,2830670250247772,83.638204
background,38,1945,2830670166921151,2830670252166915,85.245764
audio,39,1945,2830670187357934,2830670272119999,84.762065
background,39,1945,2830670187472315,2830670274733835,87.26152
audio,40,1945,2830670207898352,2830670294867129,86.968777
background,40,1945,2830670208216432,2830670297406671,89.190239
audio,41,1945,2830670228683004,2830670317315047,88.632043
background,41,1945,2830670228973867,2830670320066825,91.092958
audio,42,1945,2830670249523235,2830670339883069,90.359834
background,42,1945,2830670249839766,2830670342371036,92.53127
audio,43,1945,2830670270284139,2830670362585807,92.301668
background,43,1945,2830670270413271,2830670365535604,95.122333
audio,44,1945,2830670290737755,2830670385234810,94.497055
background,44,1945,2830670291062228,2830670387914138,96.85191
audio,45,1945,2830670311574334,2830670407772576,96.198242
background,45,1945,2830670311895226,2830670410368163,98.472937
audio,46,1945,2830670332232043,2830670430258536,98.026493
background,46,1945,2830670332459068,2830670432795135,100.336067
audio,47,1945,2830670352958233,2830670452502247,99.544014
background,47,1945,2830670353300277,2830670455366368,102.066091
audio,48,1945,2830670373698741,2830670475254229,101.555488
background,48,1945,2830670373982329,2830670477465206,103.482877
audio,49,1945,2830670394455049,2830670497591847,103.136798
background,49,1945,2830670394610369,2830670500136585,105.526216
audio,50,1945,2830670414860633,2830670519991579,105.130946
background,50,1945,2830670414956973,2830670522588342,107.631369
audio,51,1945,2830670435166871,2830670542490281,107.32341
background,51,1945,2830670435262462,2830670545280868,110.018406
audio,52,1945,2830670455575353,2830670564811933,109.23658
background,52,1945,2830670455751799,2830670567775286,112.023487
audio,53,1945,2830670476043880,2830670588137874,112.093994
background,53,1945,2830670476145493,2830670590527063,114.38157
audio,54,1945,2830670496631461,2830670610449474,113.818013
background,54,1945,2830670496961442,2830670613188077,116.226635
audio,55,1945,2830670517413699,2830670633115509,115.70181
background,55,1945,2830670517525160,2830670635707839,118.182679
audio,56,1945,2830670537858832,2830670655526815,117.667983
background,56,1945,2830670538202675,2830670657810564,119.607889
audio,57,1945,2830670558684851,2830670677835619,119.150768
background,57,1945,2830670558784167,2830670680383188,121.599021
audio,58,1945,2830670579114272,2830670700467520,121.353248
background,58,1945,2830670579283381,2830670703210999,123.927618
audio,59,1945,2830670599607488,2830670723031317,123.423829
background,59,1945,2830670599924119,2830670725113172,125.189053
audio,60,1945,2830670620271388,2830670745078164,124.806776
background,60,1945,2830670620373150,2830670748056493,127.683343
audio,61,1945,2830670640707061,2830670767705488,126.998427
background,61,1945,2830670641024890,2830670770518254,129.493364
audio,62,1945,2830670661528548,2830670790439513,128.910965
background,62,1945,2830670661681753,2830670792858325,131.176572
audio,63,1945,2830670681926614,2830670812881660,130.955046
background,63,1945,2830670682168444,2830670814938110,132.769666
audio,64,1945,2830670702423916,2830670835426954,133.003038
background,64,1945,2830670702732806,2830670837908852,135.176046
audio,65,1945,2830670723223301,2830670857676508,134.453207
background,65,1945,2830670723569157,2830670860686729,137.117572
audio,66,1945,2830670744122592,2830670880102146,135.979554
background,66,1945,2830670744401802,2830670882557915,138.156113
audio,67,1945,2830670764740575,2830670902958924,138.218349
background,67,1945,2830670764874433,2830670905230233,140.3558
audio,68,1945,2830670785115371,2830670925525180,140.409809
background,68,1945,2830670785388985,2830670927808902,142.419917
audio,69,1945,2830670805733332,2830670947703670,141.970338
background,69,1945,2830670806083117,2830670950485774,144.402657
audio,70,1945,2830670826569499,2830670970374545,143.805046
background,70,1945,2830670826891847,2830670972587475,145.695628
audio,71,1945,2830670847358367,2830670992672356,145.313989
background,71,1945,2830670847489681,2830670995423417,147.933736
audio,72,1945,2830670867814250,2830671015553524,147.739274
background,72,1945,2830670867952701,2830671018440325,150.487624
audio,73,1945,2830670888256338,2830671037802464,149.546126
background,73,1945,2830670888358743,2830671040799046,152.440303
audio,74,1945,2830670908714899,2830671060615494,151.900595
background,74,1945,2830670909060464,2830671063308263,154.247799
audio,75,1945,2830670929489151,2830671082916555,153.427404
background,75,1945,2830670929676717,2830671085931402,156.254685
audio,76,1945,2830670949992916,2830671105469271,155.476355
background,76,1945,2830670950332189,2830671108117999,157.78581
audio,77,1945,2830670970774933,2830671128279457,157.504524
background,77,1945,2830670970930016,2830671130592941,159.662925
audio,78,1945,2830670991179650,2830671150591255,159.411605
background,78,1945,2830670991344211,2830671153321070,161.976859
audio,79,1945,2830671011610903,2830671172704962,161.094059
background,79,1945,2830671011910041,2830671175648984,163.738943
audio,80,1945,2830671032360808,2830671195437296,163.076488
background,80,1945,2830671032675084,2830671197930854,165.25577
audio,81,1945,2830671053177432,2830671218421485,165.244053
background,81,1945,2830671053315141,2830671220803284,167.488143
audio,82,1945,2830671073644757,2830671240523769,166.879012
background,82,1945,2830671073971283,2830671243068161,169.096878
audio,83,1945,2830671094444082,2830671262950321,168.506239
background,83,1945,2830671094545726,2830671265570417,171.024691
audio,84,1945,2830671114713899,2830671285567485,170.853586
background,84,1945,2830671114816325,2830671288062534,173.246209
audio,85,1945,2830671135141785,2830671308465481,173.323696
background,85,1945,2830671135272236,2830671310518792,175.246556
audio,86,1945,2830671155592979,2830671330508645,174.915666
background,86,1945,2830671155890423,2830671333185845,177.295422
audio,87,1945,2830671176365169,2830671353099537,176.734368
background,87,1945,2830671176698964,2830671355509156,178.810192
audio,88,1945,2830671197174039,2830671375753598,178.579559
background,88,1945,2830671197518009,2830671378265693,180.747684
audio,89,1945,2830671217939080,2830671398355317,180.416237
background,89,1945,2830671218290425,2830671400357397,182.066972
audio,90,1945,2830671238712600,2830671420764519,182.051919
background,90,1945,2830671239034792,2830671422913335,183.878543
audio,91,1945,2830671259559557,2830671443249830,183.690273
background,91,1945,2830671259859459,2830671445457915,185.598456
audio,92,1945,2830671280341301,2830671465603948,185.262647
background,92,1945,2830671280612658,2830671468456700,187.844042
audio,93,1945,2830671300874946,2830671488464039,187.589093
background,93,1945,2830671301231328,2830671491023507,189.792179
audio,94,1945,2830671321650743,2830671510783848,189.133105
background,94,1945,2830671321968637,2830671513458647,191.49001
audio,95,1945,2830671342510489,2830671533253718,190.743229
background,95,1945,2830671342834309,2830671536158852,193.324543
audio,96,1945,2830671363301034,2830671556292400,192.991366
background,96,1945,2830671363429394,2830671558214920,194.785526
audio,97,1945,2830671383762501,2830671578555247,194.792746
background,97,1945,2830671384095638,2830671580891916,196.796278
audio,98,1945,2830671404681316,2830671600928846,196.24753
background,98,1945,2830671405034815,2830671603615385,198.58057
audio,99,1945,2830671425448040,2830671623425319,197.977279
background,99,1945,2830671425749862,2830671625952965,200.203103
